Pohlavie,Odvetvie,Rok,Hodnota
Muži,"A Poľnohospodárstvo, lesníctvo a rybolov",2008,"7,2"
Muži,"A Poľnohospodárstvo, lesníctvo a rybolov",2009,"6,7"
Muži,"A Poľnohospodárstvo, lesníctvo a rybolov",2010,"9,5"
Muži,"A Poľnohospodárstvo, lesníctvo a rybolov",2011,"7,2"
Muži,"A Poľnohospodárstvo, lesníctvo a rybolov",2012,"7,0"
Muži,"A Poľnohospodárstvo, lesníctvo a rybolov",2013,"9,3"
Muži,"A Poľnohospodárstvo, lesníctvo a rybolov",2014,"8,7"
Muži,"A Poľnohospodárstvo, lesníctvo a rybolov",2015,"3,6"
Muži,"A Poľnohospodárstvo, lesníctvo a rybolov",2016,"3,9"
Muži,"A Poľnohospodárstvo, lesníctvo a rybolov",2017,"3,3"
Muži,"A Poľnohospodárstvo, lesníctvo a rybolov",2018,"2,7"
Muži,"A Poľnohospodárstvo, lesníctvo a rybolov",2019,"2,4"
Muži,"A Poľnohospodárstvo, lesníctvo a rybolov",2020,"2,8"
Muži,"A Poľnohospodárstvo, lesníctvo a rybolov",2021,"2,2"
Muži,"A Poľnohospodárstvo, lesníctvo a rybolov",2022,"2,0"
Muži,"A Poľnohospodárstvo, lesníctvo a rybolov",2023,"2,3"
Muži,"A Poľnohospodárstvo, lesníctvo a rybolov",2024,"1,8"
Muži,"A Poľnohospodárstvo, lesníctvo a rybolov",2025,"0,9"
Muži,B Ťažba a dobývanie,2008,"0,7"
Muži,B Ťažba a dobývanie,2009,"1,1"
Muži,B Ťažba a dobývanie,2010,"2,4"
Muži,B Ťažba a dobývanie,2011,"1,7"
Muži,B Ťažba a dobývanie,2012,"2,1"
Muži,B Ťažba a dobývanie,2013,"1,1"
Muži,B Ťažba a dobývanie,2014,"0,9"
Muži,B Ťažba a dobývanie,2015,"0,3"
Muži,B Ťažba a dobývanie,2016,"0,1"
Muži,B Ťažba a dobývanie,2017,"0,2"
Muži,B Ťažba a dobývanie,2018,"0,5"
Muži,B Ťažba a dobývanie,2019,-
Muži,B Ťažba a dobývanie,2020,-
Muži,B Ťažba a dobývanie,2021,"0,3"
Muži,B Ťažba a dobývanie,2022,"0,9"
Muži,B Ťažba a dobývanie,2023,"0,0"
Muži,B Ťažba a dobývanie,2024,"0,1"
Muži,B Ťažba a dobývanie,2025,"0,4"
Muži,C Priemyselná výroba,2008,"23,7"
Muži,C Priemyselná výroba,2009,"52,1"
Muži,C Priemyselná výroba,2010,"57,1"
Muži,C Priemyselná výroba,2011,"47,8"
Muži,C Priemyselná výroba,2012,"41,5"
Muži,C Priemyselná výroba,2013,"45,0"
Muži,C Priemyselná výroba,2014,"39,3"
Muži,C Priemyselná výroba,2015,"31,8"
Muži,C Priemyselná výroba,2016,"25,0"
Muži,C Priemyselná výroba,2017,"23,4"
Muži,C Priemyselná výroba,2018,"18,4"
Muži,C Priemyselná výroba,2019,"19,1"
Muži,C Priemyselná výroba,2020,"27,2"
Muži,C Priemyselná výroba,2021,"19,5"
Muži,C Priemyselná výroba,2022,"15,3"
Muži,C Priemyselná výroba,2023,"18,7"
Muži,C Priemyselná výroba,2024,"12,2"
Muži,C Priemyselná výroba,2025,"13,1"
Muži,"D Dodávka elektriny, plynu, pary a studeného vzduchu",2008,"0,6"
Muži,"D Dodávka elektriny, plynu, pary a studeného vzduchu",2009,"1,0"
Muži,"D Dodávka elektriny, plynu, pary a studeného vzduchu",2010,"0,9"
Muži,"D Dodávka elektriny, plynu, pary a studeného vzduchu",2011,"0,6"
Muži,"D Dodávka elektriny, plynu, pary a studeného vzduchu",2012,"0,7"
Muži,"D Dodávka elektriny, plynu, pary a studeného vzduchu",2013,"0,9"
Muži,"D Dodávka elektriny, plynu, pary a studeného vzduchu",2014,"0,4"
Muži,"D Dodávka elektriny, plynu, pary a studeného vzduchu",2015,"0,8"
Muži,"D Dodávka elektriny, plynu, pary a studeného vzduchu",2016,"0,9"
Muži,"D Dodávka elektriny, plynu, pary a studeného vzduchu",2017,"0,7"
Muži,"D Dodávka elektriny, plynu, pary a studeného vzduchu",2018,"0,5"
Muži,"D Dodávka elektriny, plynu, pary a studeného vzduchu",2019,"0,6"
Muži,"D Dodávka elektriny, plynu, pary a studeného vzduchu",2020,"0,4"
Muži,"D Dodávka elektriny, plynu, pary a studeného vzduchu",2021,"0,6"
Muži,"D Dodávka elektriny, plynu, pary a studeného vzduchu",2022,"0,3"
Muži,"D Dodávka elektriny, plynu, pary a studeného vzduchu",2023,"0,3"
Muži,"D Dodávka elektriny, plynu, pary a studeného vzduchu",2024,-
Muži,"D Dodávka elektriny, plynu, pary a studeného vzduchu",2025,"0,3"
Muži,"E Dodávka vody, čistenie a odvod odpadových vôd, odpady a služby odstraňovania odpadov",2008,"1,8"
Muži,"E Dodávka vody, čistenie a odvod odpadových vôd, odpady a služby odstraňovania odpadov",2009,"2,1"
Muži,"E Dodávka vody, čistenie a odvod odpadových vôd, odpady a služby odstraňovania odpadov",2010,"4,4"
Muži,"E Dodávka vody, čistenie a odvod odpadových vôd, odpady a služby odstraňovania odpadov",2011,"2,1"
Muži,"E Dodávka vody, čistenie a odvod odpadových vôd, odpady a služby odstraňovania odpadov",2012,"2,1"
Muži,"E Dodávka vody, čistenie a odvod odpadových vôd, odpady a služby odstraňovania odpadov",2013,"2,5"
Muži,"E Dodávka vody, čistenie a odvod odpadových vôd, odpady a služby odstraňovania odpadov",2014,"1,9"
Muži,"E Dodávka vody, čistenie a odvod odpadových vôd, odpady a služby odstraňovania odpadov",2015,"1,5"
Muži,"E Dodávka vody, čistenie a odvod odpadových vôd, odpady a služby odstraňovania odpadov",2016,"1,1"
Muži,"E Dodávka vody, čistenie a odvod odpadových vôd, odpady a služby odstraňovania odpadov",2017,"0,7"
Muži,"E Dodávka vody, čistenie a odvod odpadových vôd, odpady a služby odstraňovania odpadov",2018,"1,4"
Muži,"E Dodávka vody, čistenie a odvod odpadových vôd, odpady a služby odstraňovania odpadov",2019,"1,2"
Muži,"E Dodávka vody, čistenie a odvod odpadových vôd, odpady a služby odstraňovania odpadov",2020,"1,7"
Muži,"E Dodávka vody, čistenie a odvod odpadových vôd, odpady a služby odstraňovania odpadov",2021,"2,2"
Muži,"E Dodávka vody, čistenie a odvod odpadových vôd, odpady a služby odstraňovania odpadov",2022,"1,1"
Muži,"E Dodávka vody, čistenie a odvod odpadových vôd, odpady a služby odstraňovania odpadov",2023,"0,9"
Muži,"E Dodávka vody, čistenie a odvod odpadových vôd, odpady a služby odstraňovania odpadov",2024,"0,7"
Muži,"E Dodávka vody, čistenie a odvod odpadových vôd, odpady a služby odstraňovania odpadov",2025,"0,6"
Muži,F Stavebníctvo,2008,"12,6"
Muži,F Stavebníctvo,2009,"20,3"
Muži,F Stavebníctvo,2010,"29,4"
Muži,F Stavebníctvo,2011,"28,9"
Muži,F Stavebníctvo,2012,"31,6"
Muži,F Stavebníctvo,2013,"31,4"
Muži,F Stavebníctvo,2014,"26,1"
Muži,F Stavebníctvo,2015,"21,7"
Muži,F Stavebníctvo,2016,"20,4"
Muži,F Stavebníctvo,2017,"15,0"
Muži,F Stavebníctvo,2018,"10,6"
Muži,F Stavebníctvo,2019,"9,0"
Muži,F Stavebníctvo,2020,"10,3"
Muži,F Stavebníctvo,2021,"13,0"
Muži,F Stavebníctvo,2022,"12,9"
Muži,F Stavebníctvo,2023,"9,6"
Muži,F Stavebníctvo,2024,"7,5"
Muži,F Stavebníctvo,2025,"8,6"
Muži,G Veľkoobchod a maloobchod; oprava motorových vozidiel a motocyklov,2008,"7,3"
Muži,G Veľkoobchod a maloobchod; oprava motorových vozidiel a motocyklov,2009,"8,4"
Muži,G Veľkoobchod a maloobchod; oprava motorových vozidiel a motocyklov,2010,"10,5"
Muži,G Veľkoobchod a maloobchod; oprava motorových vozidiel a motocyklov,2011,"12,4"
Muži,G Veľkoobchod a maloobchod; oprava motorových vozidiel a motocyklov,2012,"11,9"
Muži,G Veľkoobchod a maloobchod; oprava motorových vozidiel a motocyklov,2013,"13,2"
Muži,G Veľkoobchod a maloobchod; oprava motorových vozidiel a motocyklov,2014,"12,0"
Muži,G Veľkoobchod a maloobchod; oprava motorových vozidiel a motocyklov,2015,"10,0"
Muži,G Veľkoobchod a maloobchod; oprava motorových vozidiel a motocyklov,2016,"7,9"
Muži,G Veľkoobchod a maloobchod; oprava motorových vozidiel a motocyklov,2017,"8,4"
Muži,G Veľkoobchod a maloobchod; oprava motorových vozidiel a motocyklov,2018,"4,3"
Muži,G Veľkoobchod a maloobchod; oprava motorových vozidiel a motocyklov,2019,"4,5"
Muži,G Veľkoobchod a maloobchod; oprava motorových vozidiel a motocyklov,2020,"5,0"
Muži,G Veľkoobchod a maloobchod; oprava motorových vozidiel a motocyklov,2021,"6,3"
Muži,G Veľkoobchod a maloobchod; oprava motorových vozidiel a motocyklov,2022,"6,6"
Muži,G Veľkoobchod a maloobchod; oprava motorových vozidiel a motocyklov,2023,"4,6"
Muži,G Veľkoobchod a maloobchod; oprava motorových vozidiel a motocyklov,2024,"5,3"
Muži,G Veľkoobchod a maloobchod; oprava motorových vozidiel a motocyklov,2025,"5,1"
Muži,H Doprava a skladovanie,2008,"3,3"
Muži,H Doprava a skladovanie,2009,"7,0"
Muži,H Doprava a skladovanie,2010,"7,5"
Muži,H Doprava a skladovanie,2011,"7,1"
Muži,H Doprava a skladovanie,2012,"7,5"
Muži,H Doprava a skladovanie,2013,"6,6"
Muži,H Doprava a skladovanie,2014,"6,8"
Muži,H Doprava a skladovanie,2015,"5,1"
Muži,H Doprava a skladovanie,2016,"4,2"
Muži,H Doprava a skladovanie,2017,"3,4"
Muži,H Doprava a skladovanie,2018,"2,7"
Muži,H Doprava a skladovanie,2019,"2,8"
Muži,H Doprava a skladovanie,2020,"4,5"
Muži,H Doprava a skladovanie,2021,"3,9"
Muži,H Doprava a skladovanie,2022,"4,7"
Muži,H Doprava a skladovanie,2023,"3,4"
Muži,H Doprava a skladovanie,2024,"2,2"
Muži,H Doprava a skladovanie,2025,"3,6"
Muži,Hospodárstvo spolu,2008,"124,6"
Muži,Hospodárstvo spolu,2009,"170,8"
Muži,Hospodárstvo spolu,2010,"212,8"
Muži,Hospodárstvo spolu,2011,"203,5"
Muži,Hospodárstvo spolu,2012,"203,8"
Muži,Hospodárstvo spolu,2013,"210,4"
Muži,Hospodárstvo spolu,2014,"193,6"
Muži,Hospodárstvo spolu,2015,"155,4"
Muži,Hospodárstvo spolu,2016,"132,5"
Muži,Hospodárstvo spolu,2017,"118,8"
Muži,Hospodárstvo spolu,2018,"92,4"
Muži,Hospodárstvo spolu,2019,"83,9"
Muži,Hospodárstvo spolu,2020,"94,5"
Muži,I Ubytovacie a stravovacie služby,2008,"1,8"
Muži,I Ubytovacie a stravovacie služby,2009,"3,6"
Muži,I Ubytovacie a stravovacie služby,2010,"4,7"
Muži,I Ubytovacie a stravovacie služby,2011,"5,4"
Muži,I Ubytovacie a stravovacie služby,2012,"4,6"
Muži,I Ubytovacie a stravovacie služby,2013,"4,1"
Muži,I Ubytovacie a stravovacie služby,2014,"4,0"
Muži,I Ubytovacie a stravovacie služby,2015,"3,4"
Muži,I Ubytovacie a stravovacie služby,2016,"3,0"
Muži,I Ubytovacie a stravovacie služby,2017,"2,2"
Muži,I Ubytovacie a stravovacie služby,2018,"2,3"
Muži,I Ubytovacie a stravovacie služby,2019,"2,7"
Muži,I Ubytovacie a stravovacie služby,2020,"4,6"
Muži,I Ubytovacie a stravovacie služby,2021,"6,6"
Muži,I Ubytovacie a stravovacie služby,2022,"1,9"
Muži,I Ubytovacie a stravovacie služby,2023,"2,3"
Muži,I Ubytovacie a stravovacie služby,2024,"1,9"
Muži,I Ubytovacie a stravovacie služby,2025,"2,8"
Muži,J Informácie a komunikácia,2008,"0,5"
Muži,J Informácie a komunikácia,2009,"0,7"
Muži,J Informácie a komunikácia,2010,"1,6"
Muži,J Informácie a komunikácia,2011,"0,8"
Muži,J Informácie a komunikácia,2012,"1,7"
Muži,J Informácie a komunikácia,2013,"1,4"
Muži,J Informácie a komunikácia,2014,"1,7"
Muži,J Informácie a komunikácia,2015,"1,2"
Muži,J Informácie a komunikácia,2016,"2,1"
Muži,J Informácie a komunikácia,2017,"1,9"
Muži,J Informácie a komunikácia,2018,"1,1"
Muži,J Informácie a komunikácia,2019,"1,0"
Muži,J Informácie a komunikácia,2020,"0,6"
Muži,J Informácie a komunikácia,2021,"1,3"
Muži,J Informácie a komunikácia,2022,"1,2"
Muži,J Informácie a komunikácia,2023,"0,6"
Muži,J Informácie a komunikácia,2024,"0,7"
Muži,J Informácie a komunikácia,2025,"0,6"
Muži,K Finančné a poisťovacie činnosti,2008,"0,3"
Muži,K Finančné a poisťovacie činnosti,2009,"0,4"
Muži,K Finančné a poisťovacie činnosti,2010,"0,9"
Muži,K Finančné a poisťovacie činnosti,2011,"1,2"
Muži,K Finančné a poisťovacie činnosti,2012,"1,3"
Muži,K Finančné a poisťovacie činnosti,2013,"1,1"
Muži,K Finančné a poisťovacie činnosti,2014,"0,9"
Muži,K Finančné a poisťovacie činnosti,2015,"0,3"
Muži,K Finančné a poisťovacie činnosti,2016,"1,0"
Muži,K Finančné a poisťovacie činnosti,2017,"0,9"
Muži,K Finančné a poisťovacie činnosti,2018,"0,4"
Muži,K Finančné a poisťovacie činnosti,2019,"0,3"
Muži,K Finančné a poisťovacie činnosti,2020,"0,4"
Muži,K Finančné a poisťovacie činnosti,2021,"0,3"
Muži,K Finančné a poisťovacie činnosti,2022,"0,2"
Muži,K Finančné a poisťovacie činnosti,2023,"0,0"
Muži,K Finančné a poisťovacie činnosti,2024,"0,2"
Muži,K Finančné a poisťovacie činnosti,2025,"0,2"
Muži,L Činnosti v oblasti nehnuteľností,2008,"0,2"
Muži,L Činnosti v oblasti nehnuteľností,2009,-
Muži,L Činnosti v oblasti nehnuteľností,2010,"0,2"
Muži,L Činnosti v oblasti nehnuteľností,2011,"0,8"
Muži,L Činnosti v oblasti nehnuteľností,2012,"0,6"
Muži,L Činnosti v oblasti nehnuteľností,2013,"0,2"
Muži,L Činnosti v oblasti nehnuteľností,2014,"0,2"
Muži,L Činnosti v oblasti nehnuteľností,2015,"0,2"
Muži,L Činnosti v oblasti nehnuteľností,2016,"0,3"
Muži,L Činnosti v oblasti nehnuteľností,2017,"0,5"
Muži,L Činnosti v oblasti nehnuteľností,2018,"0,5"
Muži,L Činnosti v oblasti nehnuteľností,2019,"0,3"
Muži,L Činnosti v oblasti nehnuteľností,2020,"0,1"
Muži,L Činnosti v oblasti nehnuteľností,2021,-
Muži,L Činnosti v oblasti nehnuteľností,2022,-
Muži,L Činnosti v oblasti nehnuteľností,2023,-
Muži,L Činnosti v oblasti nehnuteľností,2024,-
Muži,L Činnosti v oblasti nehnuteľností,2025,"0,3"
Muži,"M Odborné, vedecké a technické činnosti",2008,"0,5"
Muži,"M Odborné, vedecké a technické činnosti",2009,"0,7"
Muži,"M Odborné, vedecké a technické činnosti",2010,"1,2"
Muži,"M Odborné, vedecké a technické činnosti",2011,"0,7"
Muži,"M Odborné, vedecké a technické činnosti",2012,"0,9"
Muži,"M Odborné, vedecké a technické činnosti",2013,"1,4"
Muži,"M Odborné, vedecké a technické činnosti",2014,"0,6"
Muži,"M Odborné, vedecké a technické činnosti",2015,"1,0"
Muži,"M Odborné, vedecké a technické činnosti",2016,"0,6"
Muži,"M Odborné, vedecké a technické činnosti",2017,"0,8"
Muži,"M Odborné, vedecké a technické činnosti",2018,"0,6"
Muži,"M Odborné, vedecké a technické činnosti",2019,"0,3"
Muži,"M Odborné, vedecké a technické činnosti",2020,"0,9"
Muži,"M Odborné, vedecké a technické činnosti",2021,"0,5"
Muži,"M Odborné, vedecké a technické činnosti",2022,"0,4"
Muži,"M Odborné, vedecké a technické činnosti",2023,"0,6"
Muži,"M Odborné, vedecké a technické činnosti",2024,"0,3"
Muži,"M Odborné, vedecké a technické činnosti",2025,"0,4"
Muži,N Administratívne a podporné služby,2008,"1,4"
Muži,N Administratívne a podporné služby,2009,"3,0"
Muži,N Administratívne a podporné služby,2010,"3,5"
Muži,N Administratívne a podporné služby,2011,"3,1"
Muži,N Administratívne a podporné služby,2012,"4,6"
Muži,N Administratívne a podporné služby,2013,"4,0"
Muži,N Administratívne a podporné služby,2014,"3,2"
Muži,N Administratívne a podporné služby,2015,"4,8"
Muži,N Administratívne a podporné služby,2016,"3,5"
Muži,N Administratívne a podporné služby,2017,"3,6"
Muži,N Administratívne a podporné služby,2018,"2,0"
Muži,N Administratívne a podporné služby,2019,"1,7"
Muži,N Administratívne a podporné služby,2020,"1,3"
Muži,N Administratívne a podporné služby,2021,"2,5"
Muži,N Administratívne a podporné služby,2022,"1,8"
Muži,N Administratívne a podporné služby,2023,"1,1"
Muži,N Administratívne a podporné služby,2024,"1,2"
Muži,N Administratívne a podporné služby,2025,"0,9"
Muži,"Nezamestnaní, ktorí ešte nemali zam.",2008,"32,4"
Muži,"Nezamestnaní, ktorí ešte nemali zam.",2009,"34,2"
Muži,"Nezamestnaní, ktorí ešte nemali zam.",2010,"46,0"
Muži,"Nezamestnaní, ktorí ešte nemali zam.",2011,"47,3"
Muži,"Nezamestnaní, ktorí ešte nemali zam.",2012,"51,6"
Muži,"Nezamestnaní, ktorí ešte nemali zam.",2013,"50,9"
Muži,"Nezamestnaní, ktorí ešte nemali zam.",2014,"48,1"
Muži,"Nezamestnaní, ktorí ešte nemali zam.",2015,"36,0"
Muži,"Nezamestnaní, ktorí ešte nemali zam.",2016,"28,4"
Muži,"Nezamestnaní, ktorí ešte nemali zam.",2017,"30,1"
Muži,"Nezamestnaní, ktorí ešte nemali zam.",2018,"23,4"
Muži,"Nezamestnaní, ktorí ešte nemali zam.",2019,"20,7"
Muži,"Nezamestnaní, ktorí ešte nemali zam.",2020,"19,7"
Muži,"Nezamestnaní, ktorí ešte nemali zam.",2021,"23,2"
Muži,"Nezamestnaní, ktorí ešte nemali zam.",2022,"23,5"
Muži,"Nezamestnaní, ktorí ešte nemali zam.",2023,"26,9"
Muži,"Nezamestnaní, ktorí ešte nemali zam.",2024,"25,5"
Muži,"Nezamestnaní, ktorí ešte nemali zam.",2025,"23,1"
Muži,Nezistené,2008,"23,1"
Muži,Nezistené,2009,"22,0"
Muži,Nezistené,2010,"21,4"
Muži,Nezistené,2011,"25,2"
Muži,Nezistené,2012,"21,6"
Muži,Nezistené,2013,"24,0"
Muži,Nezistené,2014,"25,5"
Muži,Nezistené,2015,"20,4"
Muži,Nezistené,2016,"18,3"
Muži,Nezistené,2017,"14,0"
Muži,Nezistené,2018,"9,7"
Muži,Nezistené,2019,"9,6"
Muži,Nezistené,2020,"7,1"
Muži,Nezistené,2021,"8,0"
Muži,Nezistené,2022,"9,5"
Muži,Nezistené,2023,"9,6"
Muži,Nezistené,2024,"7,4"
Muži,Nezistené,2025,"6,2"
Muži,O Verejná správa a obrana; povinné sociálne zabezpečenie,2008,"2,7"
Muži,O Verejná správa a obrana; povinné sociálne zabezpečenie,2009,"3,3"
Muži,O Verejná správa a obrana; povinné sociálne zabezpečenie,2010,"7,1"
Muži,O Verejná správa a obrana; povinné sociálne zabezpečenie,2011,"6,5"
Muži,O Verejná správa a obrana; povinné sociálne zabezpečenie,2012,"9,1"
Muži,O Verejná správa a obrana; povinné sociálne zabezpečenie,2013,"8,9"
Muži,O Verejná správa a obrana; povinné sociálne zabezpečenie,2014,"8,4"
Muži,O Verejná správa a obrana; povinné sociálne zabezpečenie,2015,"9,8"
Muži,O Verejná správa a obrana; povinné sociálne zabezpečenie,2016,"6,7"
Muži,O Verejná správa a obrana; povinné sociálne zabezpečenie,2017,"6,1"
Muži,O Verejná správa a obrana; povinné sociálne zabezpečenie,2018,"8,4"
Muži,O Verejná správa a obrana; povinné sociálne zabezpečenie,2019,"5,4"
Muži,O Verejná správa a obrana; povinné sociálne zabezpečenie,2020,"4,9"
Muži,O Verejná správa a obrana; povinné sociálne zabezpečenie,2021,"3,2"
Muži,O Verejná správa a obrana; povinné sociálne zabezpečenie,2022,"1,9"
Muži,O Verejná správa a obrana; povinné sociálne zabezpečenie,2023,"2,0"
Muži,O Verejná správa a obrana; povinné sociálne zabezpečenie,2024,"1,7"
Muži,O Verejná správa a obrana; povinné sociálne zabezpečenie,2025,"4,0"
Muži,P Vzdelávanie,2008,"1,2"
Muži,P Vzdelávanie,2009,"0,6"
Muži,P Vzdelávanie,2010,"0,8"
Muži,P Vzdelávanie,2011,"1,8"
Muži,P Vzdelávanie,2012,"0,9"
Muži,P Vzdelávanie,2013,"1,0"
Muži,P Vzdelávanie,2014,"1,0"
Muži,P Vzdelávanie,2015,"0,6"
Muži,P Vzdelávanie,2016,"1,1"
Muži,P Vzdelávanie,2017,"0,9"
Muži,P Vzdelávanie,2018,"1,1"
Muži,P Vzdelávanie,2019,"0,9"
Muži,P Vzdelávanie,2020,"0,5"
Muži,P Vzdelávanie,2021,"0,9"
Muži,P Vzdelávanie,2022,"1,1"
Muži,P Vzdelávanie,2023,"0,4"
Muži,P Vzdelávanie,2024,"0,2"
Muži,P Vzdelávanie,2025,"2,0"
Muži,Q Zdravotníctvo a sociálna pomoc,2008,"1,7"
Muži,Q Zdravotníctvo a sociálna pomoc,2009,"2,4"
Muži,Q Zdravotníctvo a sociálna pomoc,2010,"2,1"
Muži,Q Zdravotníctvo a sociálna pomoc,2011,"1,0"
Muži,Q Zdravotníctvo a sociálna pomoc,2012,"0,7"
Muži,Q Zdravotníctvo a sociálna pomoc,2013,"1,2"
Muži,Q Zdravotníctvo a sociálna pomoc,2014,"1,4"
Muži,Q Zdravotníctvo a sociálna pomoc,2015,"1,5"
Muži,Q Zdravotníctvo a sociálna pomoc,2016,"2,3"
Muži,Q Zdravotníctvo a sociálna pomoc,2017,"1,5"
Muži,Q Zdravotníctvo a sociálna pomoc,2018,"1,1"
Muži,Q Zdravotníctvo a sociálna pomoc,2019,"0,8"
Muži,Q Zdravotníctvo a sociálna pomoc,2020,"0,7"
Muži,Q Zdravotníctvo a sociálna pomoc,2021,"1,4"
Muži,Q Zdravotníctvo a sociálna pomoc,2022,"1,0"
Muži,Q Zdravotníctvo a sociálna pomoc,2023,"0,2"
Muži,Q Zdravotníctvo a sociálna pomoc,2024,"0,4"
Muži,Q Zdravotníctvo a sociálna pomoc,2025,"0,7"
Muži,"R Umenie, zábava a rekreácia",2008,"0,8"
Muži,"R Umenie, zábava a rekreácia",2009,"0,7"
Muži,"R Umenie, zábava a rekreácia",2010,"1,1"
Muži,"R Umenie, zábava a rekreácia",2011,"1,5"
Muži,"R Umenie, zábava a rekreácia",2012,"1,4"
Muži,"R Umenie, zábava a rekreácia",2013,"1,3"
Muži,"R Umenie, zábava a rekreácia",2014,"1,6"
Muži,"R Umenie, zábava a rekreácia",2015,"1,3"
Muži,"R Umenie, zábava a rekreácia",2016,"1,5"
Muži,"R Umenie, zábava a rekreácia",2017,"0,7"
Muži,"R Umenie, zábava a rekreácia",2018,"0,3"
Muži,"R Umenie, zábava a rekreácia",2019,"0,6"
Muži,"R Umenie, zábava a rekreácia",2020,"1,0"
Muži,"R Umenie, zábava a rekreácia",2021,"0,6"
Muži,"R Umenie, zábava a rekreácia",2022,"0,1"
Muži,"R Umenie, zábava a rekreácia",2023,"0,7"
Muži,"R Umenie, zábava a rekreácia",2024,"0,9"
Muži,"R Umenie, zábava a rekreácia",2025,"0,6"
Muži,S Ostatné činnosti,2008,"0,9"
Muži,S Ostatné činnosti,2009,"0,4"
Muži,S Ostatné činnosti,2010,"0,7"
Muži,S Ostatné činnosti,2011,"0,9"
Muži,S Ostatné činnosti,2012,"0,5"
Muži,S Ostatné činnosti,2013,"1,1"
Muži,S Ostatné činnosti,2014,"1,2"
Muži,S Ostatné činnosti,2015,"0,3"
Muži,S Ostatné činnosti,2016,"0,3"
Muži,S Ostatné činnosti,2017,"0,7"
Muži,S Ostatné činnosti,2018,"0,6"
Muži,S Ostatné činnosti,2019,"0,3"
Muži,S Ostatné činnosti,2020,"0,7"
Muži,S Ostatné činnosti,2021,"0,8"
Muži,S Ostatné činnosti,2022,"0,5"
Muži,S Ostatné činnosti,2023,"0,3"
Muži,S Ostatné činnosti,2024,"0,3"
Muži,S Ostatné činnosti,2025,"0,3"
Muži,Spolu,2021,"97,4"
Muži,Spolu,2022,"87,0"
Muži,Spolu,2023,"84,5"
Muži,Spolu,2024,"70,5"
Muži,Spolu,2025,"74,9"
Muži,T Činnosti domácností ako zamestnávateľov,2008,-
Muži,T Činnosti domácností ako zamestnávateľov,2009,"0,2"
Muži,T Činnosti domácností ako zamestnávateľov,2010,"0,1"
Muži,T Činnosti domácností ako zamestnávateľov,2011,-
Muži,T Činnosti domácností ako zamestnávateľov,2012,-
Muži,T Činnosti domácností ako zamestnávateľov,2013,-
Muži,T Činnosti domácností ako zamestnávateľov,2014,-
Muži,T Činnosti domácností ako zamestnávateľov,2015,-
Muži,T Činnosti domácností ako zamestnávateľov,2016,-
Muži,T Činnosti domácností ako zamestnávateľov,2017,-
Muži,T Činnosti domácností ako zamestnávateľov,2018,-
Muži,T Činnosti domácností ako zamestnávateľov,2019,-
Muži,T Činnosti domácností ako zamestnávateľov,2020,-
Muži,T Činnosti domácností ako zamestnávateľov,2021,-
Muži,T Činnosti domácností ako zamestnávateľov,2022,-
Muži,T Činnosti domácností ako zamestnávateľov,2023,-
Muži,T Činnosti domácností ako zamestnávateľov,2024,-
Muži,T Činnosti domácností ako zamestnávateľov,2025,-
Muži,U Činnosti extrateritoriálnych organizácií a združení,2008,-
Muži,U Činnosti extrateritoriálnych organizácií a združení,2009,-
Muži,U Činnosti extrateritoriálnych organizácií a združení,2010,-
Muži,U Činnosti extrateritoriálnych organizácií a združení,2011,-
Muži,U Činnosti extrateritoriálnych organizácií a združení,2012,-
Muži,U Činnosti extrateritoriálnych organizácií a združení,2013,-
Muži,U Činnosti extrateritoriálnych organizácií a združení,2014,-
Muži,U Činnosti extrateritoriálnych organizácií a združení,2015,-
Muži,U Činnosti extrateritoriálnych organizácií a združení,2016,-
Muži,U Činnosti extrateritoriálnych organizácií a združení,2017,"0,1"
Muži,U Činnosti extrateritoriálnych organizácií a združení,2018,-
Muži,U Činnosti extrateritoriálnych organizácií a združení,2019,-
Muži,U Činnosti extrateritoriálnych organizácií a združení,2020,-
Muži,U Činnosti extrateritoriálnych organizácií a združení,2021,-
Muži,U Činnosti extrateritoriálnych organizácií a združení,2022,-
Muži,U Činnosti extrateritoriálnych organizácií a združení,2023,-
Muži,U Činnosti extrateritoriálnych organizácií a združení,2024,-
Muži,U Činnosti extrateritoriálnych organizácií a združení,2025,-
Spolu,"A Poľnohospodárstvo, lesníctvo a rybolov",2008,"11,3"
Spolu,"A Poľnohospodárstvo, lesníctvo a rybolov",2009,"10,9"
Spolu,"A Poľnohospodárstvo, lesníctvo a rybolov",2010,"12,7"
Spolu,"A Poľnohospodárstvo, lesníctvo a rybolov",2011,"10,0"
Spolu,"A Poľnohospodárstvo, lesníctvo a rybolov",2012,"10,0"
Spolu,"A Poľnohospodárstvo, lesníctvo a rybolov",2013,"13,0"
Spolu,"A Poľnohospodárstvo, lesníctvo a rybolov",2014,"11,2"
Spolu,"A Poľnohospodárstvo, lesníctvo a rybolov",2015,"5,3"
Spolu,"A Poľnohospodárstvo, lesníctvo a rybolov",2016,"6,3"
Spolu,"A Poľnohospodárstvo, lesníctvo a rybolov",2017,"4,2"
Spolu,"A Poľnohospodárstvo, lesníctvo a rybolov",2018,"4,4"
Spolu,"A Poľnohospodárstvo, lesníctvo a rybolov",2019,"3,5"
Spolu,"A Poľnohospodárstvo, lesníctvo a rybolov",2020,"4,2"
Spolu,"A Poľnohospodárstvo, lesníctvo a rybolov",2021,"3,4"
Spolu,"A Poľnohospodárstvo, lesníctvo a rybolov",2022,"2,7"
Spolu,"A Poľnohospodárstvo, lesníctvo a rybolov",2023,"2,9"
Spolu,"A Poľnohospodárstvo, lesníctvo a rybolov",2024,"2,3"
Spolu,"A Poľnohospodárstvo, lesníctvo a rybolov",2025,"1,1"
Spolu,B Ťažba a dobývanie,2008,"0,7"
Spolu,B Ťažba a dobývanie,2009,"1,3"
Spolu,B Ťažba a dobývanie,2010,"2,4"
Spolu,B Ťažba a dobývanie,2011,"2,0"
Spolu,B Ťažba a dobývanie,2012,"2,4"
Spolu,B Ťažba a dobývanie,2013,"1,2"
Spolu,B Ťažba a dobývanie,2014,"0,9"
Spolu,B Ťažba a dobývanie,2015,"0,3"
Spolu,B Ťažba a dobývanie,2016,"0,1"
Spolu,B Ťažba a dobývanie,2017,"0,8"
Spolu,B Ťažba a dobývanie,2018,"0,7"
Spolu,B Ťažba a dobývanie,2019,-
Spolu,B Ťažba a dobývanie,2020,-
Spolu,B Ťažba a dobývanie,2021,"0,3"
Spolu,B Ťažba a dobývanie,2022,"0,9"
Spolu,B Ťažba a dobývanie,2023,"0,0"
Spolu,B Ťažba a dobývanie,2024,"0,1"
Spolu,B Ťažba a dobývanie,2025,"0,4"
Spolu,C Priemyselná výroba,2008,"48,2"
Spolu,C Priemyselná výroba,2009,"93,8"
Spolu,C Priemyselná výroba,2010,"103,9"
Spolu,C Priemyselná výroba,2011,"85,0"
Spolu,C Priemyselná výroba,2012,"77,6"
Spolu,C Priemyselná výroba,2013,"81,9"
Spolu,C Priemyselná výroba,2014,"69,0"
Spolu,C Priemyselná výroba,2015,"63,7"
Spolu,C Priemyselná výroba,2016,"47,7"
Spolu,C Priemyselná výroba,2017,"39,9"
Spolu,C Priemyselná výroba,2018,"32,0"
Spolu,C Priemyselná výroba,2019,"31,3"
Spolu,C Priemyselná výroba,2020,"42,6"
Spolu,C Priemyselná výroba,2021,"32,1"
Spolu,C Priemyselná výroba,2022,"28,9"
Spolu,C Priemyselná výroba,2023,"28,8"
Spolu,C Priemyselná výroba,2024,"21,3"
Spolu,C Priemyselná výroba,2025,"21,6"
Spolu,"D Dodávka elektriny, plynu, pary a studeného vzduchu",2008,"0,6"
Spolu,"D Dodávka elektriny, plynu, pary a studeného vzduchu",2009,"1,4"
Spolu,"D Dodávka elektriny, plynu, pary a studeného vzduchu",2010,"1,2"
Spolu,"D Dodávka elektriny, plynu, pary a studeného vzduchu",2011,"0,6"
Spolu,"D Dodávka elektriny, plynu, pary a studeného vzduchu",2012,"0,8"
Spolu,"D Dodávka elektriny, plynu, pary a studeného vzduchu",2013,"1,3"
Spolu,"D Dodávka elektriny, plynu, pary a studeného vzduchu",2014,"0,7"
Spolu,"D Dodávka elektriny, plynu, pary a studeného vzduchu",2015,"1,0"
Spolu,"D Dodávka elektriny, plynu, pary a studeného vzduchu",2016,"1,2"
Spolu,"D Dodávka elektriny, plynu, pary a studeného vzduchu",2017,"0,7"
Spolu,"D Dodávka elektriny, plynu, pary a studeného vzduchu",2018,"0,6"
Spolu,"D Dodávka elektriny, plynu, pary a studeného vzduchu",2019,"1,1"
Spolu,"D Dodávka elektriny, plynu, pary a studeného vzduchu",2020,"0,6"
Spolu,"D Dodávka elektriny, plynu, pary a studeného vzduchu",2021,"1,0"
Spolu,"D Dodávka elektriny, plynu, pary a studeného vzduchu",2022,"0,5"
Spolu,"D Dodávka elektriny, plynu, pary a studeného vzduchu",2023,"0,4"
Spolu,"D Dodávka elektriny, plynu, pary a studeného vzduchu",2024,"0,3"
Spolu,"D Dodávka elektriny, plynu, pary a studeného vzduchu",2025,"0,5"
Spolu,"E Dodávka vody, čistenie a odvod odpadových vôd, odpady a služby odstraňovania odpadov",2008,"2,5"
Spolu,"E Dodávka vody, čistenie a odvod odpadových vôd, odpady a služby odstraňovania odpadov",2009,"3,7"
Spolu,"E Dodávka vody, čistenie a odvod odpadových vôd, odpady a služby odstraňovania odpadov",2010,"6,5"
Spolu,"E Dodávka vody, čistenie a odvod odpadových vôd, odpady a služby odstraňovania odpadov",2011,"3,6"
Spolu,"E Dodávka vody, čistenie a odvod odpadových vôd, odpady a služby odstraňovania odpadov",2012,"2,4"
Spolu,"E Dodávka vody, čistenie a odvod odpadových vôd, odpady a služby odstraňovania odpadov",2013,"3,4"
Spolu,"E Dodávka vody, čistenie a odvod odpadových vôd, odpady a služby odstraňovania odpadov",2014,"2,5"
Spolu,"E Dodávka vody, čistenie a odvod odpadových vôd, odpady a služby odstraňovania odpadov",2015,"1,8"
Spolu,"E Dodávka vody, čistenie a odvod odpadových vôd, odpady a služby odstraňovania odpadov",2016,"2,0"
Spolu,"E Dodávka vody, čistenie a odvod odpadových vôd, odpady a služby odstraňovania odpadov",2017,"0,9"
Spolu,"E Dodávka vody, čistenie a odvod odpadových vôd, odpady a služby odstraňovania odpadov",2018,"1,6"
Spolu,"E Dodávka vody, čistenie a odvod odpadových vôd, odpady a služby odstraňovania odpadov",2019,"1,9"
Spolu,"E Dodávka vody, čistenie a odvod odpadových vôd, odpady a služby odstraňovania odpadov",2020,"2,5"
Spolu,"E Dodávka vody, čistenie a odvod odpadových vôd, odpady a služby odstraňovania odpadov",2021,"2,6"
Spolu,"E Dodávka vody, čistenie a odvod odpadových vôd, odpady a služby odstraňovania odpadov",2022,"1,3"
Spolu,"E Dodávka vody, čistenie a odvod odpadových vôd, odpady a služby odstraňovania odpadov",2023,"1,1"
Spolu,"E Dodávka vody, čistenie a odvod odpadových vôd, odpady a služby odstraňovania odpadov",2024,"0,8"
Spolu,"E Dodávka vody, čistenie a odvod odpadových vôd, odpady a služby odstraňovania odpadov",2025,"0,6"
Spolu,F Stavebníctvo,2008,"12,8"
Spolu,F Stavebníctvo,2009,"21,3"
Spolu,F Stavebníctvo,2010,"30,6"
Spolu,F Stavebníctvo,2011,"30,8"
Spolu,F Stavebníctvo,2012,"32,5"
Spolu,F Stavebníctvo,2013,"33,6"
Spolu,F Stavebníctvo,2014,"28,9"
Spolu,F Stavebníctvo,2015,"23,1"
Spolu,F Stavebníctvo,2016,"23,4"
Spolu,F Stavebníctvo,2017,"15,7"
Spolu,F Stavebníctvo,2018,"11,2"
Spolu,F Stavebníctvo,2019,"9,3"
Spolu,F Stavebníctvo,2020,"10,9"
Spolu,F Stavebníctvo,2021,"14,0"
Spolu,F Stavebníctvo,2022,"14,7"
Spolu,F Stavebníctvo,2023,"11,3"
Spolu,F Stavebníctvo,2024,"8,0"
Spolu,F Stavebníctvo,2025,"9,8"
Spolu,G Veľkoobchod a maloobchod; oprava motorových vozidiel a motocyklov,2008,"21,3"
Spolu,G Veľkoobchod a maloobchod; oprava motorových vozidiel a motocyklov,2009,"25,6"
Spolu,G Veľkoobchod a maloobchod; oprava motorových vozidiel a motocyklov,2010,"32,2"
Spolu,G Veľkoobchod a maloobchod; oprava motorových vozidiel a motocyklov,2011,"34,0"
Spolu,G Veľkoobchod a maloobchod; oprava motorových vozidiel a motocyklov,2012,"34,8"
Spolu,G Veľkoobchod a maloobchod; oprava motorových vozidiel a motocyklov,2013,"39,4"
Spolu,G Veľkoobchod a maloobchod; oprava motorových vozidiel a motocyklov,2014,"34,0"
Spolu,G Veľkoobchod a maloobchod; oprava motorových vozidiel a motocyklov,2015,"30,5"
Spolu,G Veľkoobchod a maloobchod; oprava motorových vozidiel a motocyklov,2016,"24,8"
Spolu,G Veľkoobchod a maloobchod; oprava motorových vozidiel a motocyklov,2017,"19,7"
Spolu,G Veľkoobchod a maloobchod; oprava motorových vozidiel a motocyklov,2018,"13,2"
Spolu,G Veľkoobchod a maloobchod; oprava motorových vozidiel a motocyklov,2019,"13,2"
Spolu,G Veľkoobchod a maloobchod; oprava motorových vozidiel a motocyklov,2020,"15,8"
Spolu,G Veľkoobchod a maloobchod; oprava motorových vozidiel a motocyklov,2021,"19,7"
Spolu,G Veľkoobchod a maloobchod; oprava motorových vozidiel a motocyklov,2022,"17,9"
Spolu,G Veľkoobchod a maloobchod; oprava motorových vozidiel a motocyklov,2023,"14,2"
Spolu,G Veľkoobchod a maloobchod; oprava motorových vozidiel a motocyklov,2024,"13,4"
Spolu,G Veľkoobchod a maloobchod; oprava motorových vozidiel a motocyklov,2025,"14,4"
Spolu,H Doprava a skladovanie,2008,"5,1"
Spolu,H Doprava a skladovanie,2009,"10,4"
Spolu,H Doprava a skladovanie,2010,"10,0"
Spolu,H Doprava a skladovanie,2011,"8,1"
Spolu,H Doprava a skladovanie,2012,"9,6"
Spolu,H Doprava a skladovanie,2013,"8,6"
Spolu,H Doprava a skladovanie,2014,"9,3"
Spolu,H Doprava a skladovanie,2015,"8,7"
Spolu,H Doprava a skladovanie,2016,"6,5"
Spolu,H Doprava a skladovanie,2017,"5,9"
Spolu,H Doprava a skladovanie,2018,"4,8"
Spolu,H Doprava a skladovanie,2019,"4,7"
Spolu,H Doprava a skladovanie,2020,"6,8"
Spolu,H Doprava a skladovanie,2021,"5,2"
Spolu,H Doprava a skladovanie,2022,"5,7"
Spolu,H Doprava a skladovanie,2023,"4,8"
Spolu,H Doprava a skladovanie,2024,"3,8"
Spolu,H Doprava a skladovanie,2025,"5,1"
Spolu,Hospodárstvo spolu,2008,"257,5"
Spolu,Hospodárstvo spolu,2009,"324,2"
Spolu,Hospodárstvo spolu,2010,"389,0"
Spolu,Hospodárstvo spolu,2011,"364,6"
Spolu,Hospodárstvo spolu,2012,"377,5"
Spolu,Hospodárstvo spolu,2013,"386,0"
Spolu,Hospodárstvo spolu,2014,"358,7"
Spolu,Hospodárstvo spolu,2015,"314,3"
Spolu,Hospodárstvo spolu,2016,"266,0"
Spolu,Hospodárstvo spolu,2017,"224,0"
Spolu,Hospodárstvo spolu,2018,"179,5"
Spolu,Hospodárstvo spolu,2019,"157,7"
Spolu,Hospodárstvo spolu,2020,"181,4"
Spolu,I Ubytovacie a stravovacie služby,2008,"7,0"
Spolu,I Ubytovacie a stravovacie služby,2009,"9,8"
Spolu,I Ubytovacie a stravovacie služby,2010,"15,0"
Spolu,I Ubytovacie a stravovacie služby,2011,"14,3"
Spolu,I Ubytovacie a stravovacie služby,2012,"14,1"
Spolu,I Ubytovacie a stravovacie služby,2013,"12,5"
Spolu,I Ubytovacie a stravovacie služby,2014,"12,1"
Spolu,I Ubytovacie a stravovacie služby,2015,"11,4"
Spolu,I Ubytovacie a stravovacie služby,2016,"10,0"
Spolu,I Ubytovacie a stravovacie služby,2017,"10,8"
Spolu,I Ubytovacie a stravovacie služby,2018,"7,2"
Spolu,I Ubytovacie a stravovacie služby,2019,"6,5"
Spolu,I Ubytovacie a stravovacie služby,2020,"13,0"
Spolu,I Ubytovacie a stravovacie služby,2021,"15,7"
Spolu,I Ubytovacie a stravovacie služby,2022,"6,9"
Spolu,I Ubytovacie a stravovacie služby,2023,"7,7"
Spolu,I Ubytovacie a stravovacie služby,2024,"6,7"
Spolu,I Ubytovacie a stravovacie služby,2025,"5,8"
Spolu,J Informácie a komunikácia,2008,"1,6"
Spolu,J Informácie a komunikácia,2009,"1,6"
Spolu,J Informácie a komunikácia,2010,"3,1"
Spolu,J Informácie a komunikácia,2011,"1,9"
Spolu,J Informácie a komunikácia,2012,"4,2"
Spolu,J Informácie a komunikácia,2013,"2,4"
Spolu,J Informácie a komunikácia,2014,"3,7"
Spolu,J Informácie a komunikácia,2015,"2,9"
Spolu,J Informácie a komunikácia,2016,"3,0"
Spolu,J Informácie a komunikácia,2017,"2,5"
Spolu,J Informácie a komunikácia,2018,"1,5"
Spolu,J Informácie a komunikácia,2019,"1,7"
Spolu,J Informácie a komunikácia,2020,"1,7"
Spolu,J Informácie a komunikácia,2021,"2,2"
Spolu,J Informácie a komunikácia,2022,"1,7"
Spolu,J Informácie a komunikácia,2023,"0,7"
Spolu,J Informácie a komunikácia,2024,"1,6"
Spolu,J Informácie a komunikácia,2025,"0,7"
Spolu,K Finančné a poisťovacie činnosti,2008,"1,6"
Spolu,K Finančné a poisťovacie činnosti,2009,"1,9"
Spolu,K Finančné a poisťovacie činnosti,2010,"2,8"
Spolu,K Finančné a poisťovacie činnosti,2011,"3,8"
Spolu,K Finančné a poisťovacie činnosti,2012,"3,4"
Spolu,K Finančné a poisťovacie činnosti,2013,"2,4"
Spolu,K Finančné a poisťovacie činnosti,2014,"2,5"
Spolu,K Finančné a poisťovacie činnosti,2015,"2,6"
Spolu,K Finančné a poisťovacie činnosti,2016,"2,8"
Spolu,K Finančné a poisťovacie činnosti,2017,"3,0"
Spolu,K Finančné a poisťovacie činnosti,2018,"1,5"
Spolu,K Finančné a poisťovacie činnosti,2019,"1,3"
Spolu,K Finančné a poisťovacie činnosti,2020,"2,4"
Spolu,K Finančné a poisťovacie činnosti,2021,"2,0"
Spolu,K Finančné a poisťovacie činnosti,2022,"1,0"
Spolu,K Finančné a poisťovacie činnosti,2023,"0,8"
Spolu,K Finančné a poisťovacie činnosti,2024,"0,8"
Spolu,K Finančné a poisťovacie činnosti,2025,"1,7"
Spolu,L Činnosti v oblasti nehnuteľností,2008,"0,2"
Spolu,L Činnosti v oblasti nehnuteľností,2009,-
Spolu,L Činnosti v oblasti nehnuteľností,2010,"0,4"
Spolu,L Činnosti v oblasti nehnuteľností,2011,"0,8"
Spolu,L Činnosti v oblasti nehnuteľností,2012,"0,7"
Spolu,L Činnosti v oblasti nehnuteľností,2013,"0,3"
Spolu,L Činnosti v oblasti nehnuteľností,2014,"0,4"
Spolu,L Činnosti v oblasti nehnuteľností,2015,"0,8"
Spolu,L Činnosti v oblasti nehnuteľností,2016,"0,6"
Spolu,L Činnosti v oblasti nehnuteľností,2017,"0,7"
Spolu,L Činnosti v oblasti nehnuteľností,2018,"0,5"
Spolu,L Činnosti v oblasti nehnuteľností,2019,"0,3"
Spolu,L Činnosti v oblasti nehnuteľností,2020,"0,2"
Spolu,L Činnosti v oblasti nehnuteľností,2021,-
Spolu,L Činnosti v oblasti nehnuteľností,2022,-
Spolu,L Činnosti v oblasti nehnuteľností,2023,-
Spolu,L Činnosti v oblasti nehnuteľností,2024,"0,4"
Spolu,L Činnosti v oblasti nehnuteľností,2025,"0,8"
Spolu,"M Odborné, vedecké a technické činnosti",2008,"1,2"
Spolu,"M Odborné, vedecké a technické činnosti",2009,"1,8"
Spolu,"M Odborné, vedecké a technické činnosti",2010,"2,3"
Spolu,"M Odborné, vedecké a technické činnosti",2011,"2,3"
Spolu,"M Odborné, vedecké a technické činnosti",2012,"2,7"
Spolu,"M Odborné, vedecké a technické činnosti",2013,"2,9"
Spolu,"M Odborné, vedecké a technické činnosti",2014,"2,0"
Spolu,"M Odborné, vedecké a technické činnosti",2015,"3,6"
Spolu,"M Odborné, vedecké a technické činnosti",2016,"3,4"
Spolu,"M Odborné, vedecké a technické činnosti",2017,"2,7"
Spolu,"M Odborné, vedecké a technické činnosti",2018,"1,4"
Spolu,"M Odborné, vedecké a technické činnosti",2019,"0,6"
Spolu,"M Odborné, vedecké a technické činnosti",2020,"2,0"
Spolu,"M Odborné, vedecké a technické činnosti",2021,"1,4"
Spolu,"M Odborné, vedecké a technické činnosti",2022,"1,3"
Spolu,"M Odborné, vedecké a technické činnosti",2023,"1,6"
Spolu,"M Odborné, vedecké a technické činnosti",2024,"2,4"
Spolu,"M Odborné, vedecké a technické činnosti",2025,"1,1"
Spolu,N Administratívne a podporné služby,2008,"2,8"
Spolu,N Administratívne a podporné služby,2009,"6,2"
Spolu,N Administratívne a podporné služby,2010,"7,2"
Spolu,N Administratívne a podporné služby,2011,"6,8"
Spolu,N Administratívne a podporné služby,2012,"8,7"
Spolu,N Administratívne a podporné služby,2013,"6,6"
Spolu,N Administratívne a podporné služby,2014,"5,0"
Spolu,N Administratívne a podporné služby,2015,"7,0"
Spolu,N Administratívne a podporné služby,2016,"7,2"
Spolu,N Administratívne a podporné služby,2017,"5,6"
Spolu,N Administratívne a podporné služby,2018,"3,5"
Spolu,N Administratívne a podporné služby,2019,"3,1"
Spolu,N Administratívne a podporné služby,2020,"3,1"
Spolu,N Administratívne a podporné služby,2021,"5,6"
Spolu,N Administratívne a podporné služby,2022,"3,2"
Spolu,N Administratívne a podporné služby,2023,"2,3"
Spolu,N Administratívne a podporné služby,2024,"1,5"
Spolu,N Administratívne a podporné služby,2025,"1,7"
Spolu,"Nezamestnaní, ktorí ešte nemali zam.",2008,"64,5"
Spolu,"Nezamestnaní, ktorí ešte nemali zam.",2009,"66,6"
Spolu,"Nezamestnaní, ktorí ešte nemali zam.",2010,"78,8"
Spolu,"Nezamestnaní, ktorí ešte nemali zam.",2011,"84,1"
Spolu,"Nezamestnaní, ktorí ešte nemali zam.",2012,"94,7"
Spolu,"Nezamestnaní, ktorí ešte nemali zam.",2013,"90,0"
Spolu,"Nezamestnaní, ktorí ešte nemali zam.",2014,"86,4"
Spolu,"Nezamestnaní, ktorí ešte nemali zam.",2015,"70,1"
Spolu,"Nezamestnaní, ktorí ešte nemali zam.",2016,"56,5"
Spolu,"Nezamestnaní, ktorí ešte nemali zam.",2017,"54,8"
Spolu,"Nezamestnaní, ktorí ešte nemali zam.",2018,"46,1"
Spolu,"Nezamestnaní, ktorí ešte nemali zam.",2019,"39,4"
Spolu,"Nezamestnaní, ktorí ešte nemali zam.",2020,"37,7"
Spolu,"Nezamestnaní, ktorí ešte nemali zam.",2021,"47,1"
Spolu,"Nezamestnaní, ktorí ešte nemali zam.",2022,"49,0"
Spolu,"Nezamestnaní, ktorí ešte nemali zam.",2023,"51,8"
Spolu,"Nezamestnaní, ktorí ešte nemali zam.",2024,"53,4"
Spolu,"Nezamestnaní, ktorí ešte nemali zam.",2025,"46,6"
Spolu,Nezistené,2008,"52,1"
Spolu,Nezistené,2009,"45,7"
Spolu,Nezistené,2010,"49,3"
Spolu,Nezistené,2011,"47,2"
Spolu,Nezistené,2012,"45,3"
Spolu,Nezistené,2013,"50,6"
Spolu,Nezistené,2014,"53,3"
Spolu,Nezistené,2015,"45,2"
Spolu,Nezistené,2016,"37,2"
Spolu,Nezistené,2017,"28,5"
Spolu,Nezistené,2018,"23,1"
Spolu,Nezistené,2019,"20,8"
Spolu,Nezistené,2020,"15,5"
Spolu,Nezistené,2021,"15,0"
Spolu,Nezistené,2022,"17,0"
Spolu,Nezistené,2023,"19,9"
Spolu,Nezistené,2024,"17,0"
Spolu,Nezistené,2025,"17,4"
Spolu,O Verejná správa a obrana; povinné sociálne zabezpečenie,2008,"6,5"
Spolu,O Verejná správa a obrana; povinné sociálne zabezpečenie,2009,"8,0"
Spolu,O Verejná správa a obrana; povinné sociálne zabezpečenie,2010,"13,7"
Spolu,O Verejná správa a obrana; povinné sociálne zabezpečenie,2011,"13,1"
Spolu,O Verejná správa a obrana; povinné sociálne zabezpečenie,2012,"16,9"
Spolu,O Verejná správa a obrana; povinné sociálne zabezpečenie,2013,"16,4"
Spolu,O Verejná správa a obrana; povinné sociálne zabezpečenie,2014,"14,3"
Spolu,O Verejná správa a obrana; povinné sociálne zabezpečenie,2015,"18,0"
Spolu,O Verejná správa a obrana; povinné sociálne zabezpečenie,2016,"14,1"
Spolu,O Verejná správa a obrana; povinné sociálne zabezpečenie,2017,"12,9"
Spolu,O Verejná správa a obrana; povinné sociálne zabezpečenie,2018,"14,2"
Spolu,O Verejná správa a obrana; povinné sociálne zabezpečenie,2019,"9,7"
Spolu,O Verejná správa a obrana; povinné sociálne zabezpečenie,2020,"10,7"
Spolu,O Verejná správa a obrana; povinné sociálne zabezpečenie,2021,"6,7"
Spolu,O Verejná správa a obrana; povinné sociálne zabezpečenie,2022,"6,0"
Spolu,O Verejná správa a obrana; povinné sociálne zabezpečenie,2023,"4,3"
Spolu,O Verejná správa a obrana; povinné sociálne zabezpečenie,2024,"5,0"
Spolu,O Verejná správa a obrana; povinné sociálne zabezpečenie,2025,"7,5"
Spolu,P Vzdelávanie,2008,"5,8"
Spolu,P Vzdelávanie,2009,"4,1"
Spolu,P Vzdelávanie,2010,"4,4"
Spolu,P Vzdelávanie,2011,"4,8"
Spolu,P Vzdelávanie,2012,"3,8"
Spolu,P Vzdelávanie,2013,"5,2"
Spolu,P Vzdelávanie,2014,"5,6"
Spolu,P Vzdelávanie,2015,"5,6"
Spolu,P Vzdelávanie,2016,"7,1"
Spolu,P Vzdelávanie,2017,"4,8"
Spolu,P Vzdelávanie,2018,"3,7"
Spolu,P Vzdelávanie,2019,"2,9"
Spolu,P Vzdelávanie,2020,"3,8"
Spolu,P Vzdelávanie,2021,"3,5"
Spolu,P Vzdelávanie,2022,"4,4"
Spolu,P Vzdelávanie,2023,"2,4"
Spolu,P Vzdelávanie,2024,"3,7"
Spolu,P Vzdelávanie,2025,"5,2"
Spolu,Q Zdravotníctvo a sociálna pomoc,2008,"6,4"
Spolu,Q Zdravotníctvo a sociálna pomoc,2009,"6,4"
Spolu,Q Zdravotníctvo a sociálna pomoc,2010,"7,3"
Spolu,Q Zdravotníctvo a sociálna pomoc,2011,"5,2"
Spolu,Q Zdravotníctvo a sociálna pomoc,2012,"7,0"
Spolu,Q Zdravotníctvo a sociálna pomoc,2013,"9,4"
Spolu,Q Zdravotníctvo a sociálna pomoc,2014,"10,7"
Spolu,Q Zdravotníctvo a sociálna pomoc,2015,"7,6"
Spolu,Q Zdravotníctvo a sociálna pomoc,2016,"7,3"
Spolu,Q Zdravotníctvo a sociálna pomoc,2017,"5,8"
Spolu,Q Zdravotníctvo a sociálna pomoc,2018,"6,2"
Spolu,Q Zdravotníctvo a sociálna pomoc,2019,"4,6"
Spolu,Q Zdravotníctvo a sociálna pomoc,2020,"4,4"
Spolu,Q Zdravotníctvo a sociálna pomoc,2021,"5,6"
Spolu,Q Zdravotníctvo a sociálna pomoc,2022,"5,5"
Spolu,Q Zdravotníctvo a sociálna pomoc,2023,"3,7"
Spolu,Q Zdravotníctvo a sociálna pomoc,2024,"2,5"
Spolu,Q Zdravotníctvo a sociálna pomoc,2025,"3,6"
Spolu,"R Umenie, zábava a rekreácia",2008,"2,2"
Spolu,"R Umenie, zábava a rekreácia",2009,"1,5"
Spolu,"R Umenie, zábava a rekreácia",2010,"2,5"
Spolu,"R Umenie, zábava a rekreácia",2011,"2,7"
Spolu,"R Umenie, zábava a rekreácia",2012,"2,9"
Spolu,"R Umenie, zábava a rekreácia",2013,"2,4"
Spolu,"R Umenie, zábava a rekreácia",2014,"2,6"
Spolu,"R Umenie, zábava a rekreácia",2015,"2,1"
Spolu,"R Umenie, zábava a rekreácia",2016,"3,2"
Spolu,"R Umenie, zábava a rekreácia",2017,"1,6"
Spolu,"R Umenie, zábava a rekreácia",2018,"0,9"
Spolu,"R Umenie, zábava a rekreácia",2019,"1,2"
Spolu,"R Umenie, zábava a rekreácia",2020,"1,9"
Spolu,"R Umenie, zábava a rekreácia",2021,"2,2"
Spolu,"R Umenie, zábava a rekreácia",2022,"0,2"
Spolu,"R Umenie, zábava a rekreácia",2023,"1,1"
Spolu,"R Umenie, zábava a rekreácia",2024,"1,3"
Spolu,"R Umenie, zábava a rekreácia",2025,"1,9"
Spolu,S Ostatné činnosti,2008,"2,8"
Spolu,S Ostatné činnosti,2009,"2,1"
Spolu,S Ostatné činnosti,2010,"2,9"
Spolu,S Ostatné činnosti,2011,"3,5"
Spolu,S Ostatné činnosti,2012,"3,0"
Spolu,S Ostatné činnosti,2013,"2,5"
Spolu,S Ostatné činnosti,2014,"3,8"
Spolu,S Ostatné činnosti,2015,"2,9"
Spolu,S Ostatné činnosti,2016,"1,8"
Spolu,S Ostatné činnosti,2017,"2,5"
Spolu,S Ostatné činnosti,2018,"1,2"
Spolu,S Ostatné činnosti,2019,"0,7"
Spolu,S Ostatné činnosti,2020,"1,5"
Spolu,S Ostatné činnosti,2021,"2,4"
Spolu,S Ostatné činnosti,2022,"1,7"
Spolu,S Ostatné činnosti,2023,"2,0"
Spolu,S Ostatné činnosti,2024,"1,3"
Spolu,S Ostatné činnosti,2025,"1,8"
Spolu,Spolu,2021,"187,6"
Spolu,Spolu,2022,"170,4"
Spolu,Spolu,2023,"161,9"
Spolu,Spolu,2024,"147,7"
Spolu,Spolu,2025,"149,5"
Spolu,T Činnosti domácností ako zamestnávateľov,2008,"0,7"
Spolu,T Činnosti domácností ako zamestnávateľov,2009,"0,4"
Spolu,T Činnosti domácností ako zamestnávateľov,2010,"0,1"
Spolu,T Činnosti domácností ako zamestnávateľov,2011,"0,3"
Spolu,T Činnosti domácností ako zamestnávateľov,2012,"0,3"
Spolu,T Činnosti domácností ako zamestnávateľov,2013,"0,3"
Spolu,T Činnosti domácností ako zamestnávateľov,2014,-
Spolu,T Činnosti domácností ako zamestnávateľov,2015,"0,1"
Spolu,T Činnosti domácností ako zamestnávateľov,2016,"0,1"
Spolu,T Činnosti domácností ako zamestnávateľov,2017,-
Spolu,T Činnosti domácností ako zamestnávateľov,2018,"0,1"
Spolu,T Činnosti domácností ako zamestnávateľov,2019,-
Spolu,T Činnosti domácností ako zamestnávateľov,2020,"0,2"
Spolu,T Činnosti domácností ako zamestnávateľov,2021,"0,1"
Spolu,T Činnosti domácností ako zamestnávateľov,2022,-
Spolu,T Činnosti domácností ako zamestnávateľov,2023,-
Spolu,T Činnosti domácností ako zamestnávateľov,2024,"0,1"
Spolu,T Činnosti domácností ako zamestnávateľov,2025,"0,1"
Spolu,U Činnosti extrateritoriálnych organizácií a združení,2008,-
Spolu,U Činnosti extrateritoriálnych organizácií a združení,2009,-
Spolu,U Činnosti extrateritoriálnych organizácií a združení,2010,-
Spolu,U Činnosti extrateritoriálnych organizácií a združení,2011,-
Spolu,U Činnosti extrateritoriálnych organizácií a združení,2012,-
Spolu,U Činnosti extrateritoriálnych organizácií a združení,2013,-
Spolu,U Činnosti extrateritoriálnych organizácií a združení,2014,-
Spolu,U Činnosti extrateritoriálnych organizácií a združení,2015,"0,2"
Spolu,U Činnosti extrateritoriálnych organizácií a združení,2016,-
Spolu,U Činnosti extrateritoriálnych organizácií a združení,2017,"0,1"
Spolu,U Činnosti extrateritoriálnych organizácií a združení,2018,-
Spolu,U Činnosti extrateritoriálnych organizácií a združení,2019,-
Spolu,U Činnosti extrateritoriálnych organizácií a združení,2020,-
Spolu,U Činnosti extrateritoriálnych organizácií a združení,2021,-
Spolu,U Činnosti extrateritoriálnych organizácií a združení,2022,-
Spolu,U Činnosti extrateritoriálnych organizácií a združení,2023,-
Spolu,U Činnosti extrateritoriálnych organizácií a združení,2024,-
Spolu,U Činnosti extrateritoriálnych organizácií a združení,2025,-
Ženy,"A Poľnohospodárstvo, lesníctvo a rybolov",2008,"4,2"
Ženy,"A Poľnohospodárstvo, lesníctvo a rybolov",2009,"4,2"
Ženy,"A Poľnohospodárstvo, lesníctvo a rybolov",2010,"3,1"
Ženy,"A Poľnohospodárstvo, lesníctvo a rybolov",2011,"2,9"
Ženy,"A Poľnohospodárstvo, lesníctvo a rybolov",2012,"2,9"
Ženy,"A Poľnohospodárstvo, lesníctvo a rybolov",2013,"3,7"
Ženy,"A Poľnohospodárstvo, lesníctvo a rybolov",2014,"2,6"
Ženy,"A Poľnohospodárstvo, lesníctvo a rybolov",2015,"1,7"
Ženy,"A Poľnohospodárstvo, lesníctvo a rybolov",2016,"2,4"
Ženy,"A Poľnohospodárstvo, lesníctvo a rybolov",2017,"1,0"
Ženy,"A Poľnohospodárstvo, lesníctvo a rybolov",2018,"1,7"
Ženy,"A Poľnohospodárstvo, lesníctvo a rybolov",2019,"1,0"
Ženy,"A Poľnohospodárstvo, lesníctvo a rybolov",2020,"1,4"
Ženy,"A Poľnohospodárstvo, lesníctvo a rybolov",2021,"1,2"
Ženy,"A Poľnohospodárstvo, lesníctvo a rybolov",2022,"0,6"
Ženy,"A Poľnohospodárstvo, lesníctvo a rybolov",2023,"0,6"
Ženy,"A Poľnohospodárstvo, lesníctvo a rybolov",2024,"0,4"
Ženy,"A Poľnohospodárstvo, lesníctvo a rybolov",2025,"0,1"
Ženy,B Ťažba a dobývanie,2008,-
Ženy,B Ťažba a dobývanie,2009,"0,2"
Ženy,B Ťažba a dobývanie,2010,"0,1"
Ženy,B Ťažba a dobývanie,2011,"0,3"
Ženy,B Ťažba a dobývanie,2012,"0,3"
Ženy,B Ťažba a dobývanie,2013,"0,1"
Ženy,B Ťažba a dobývanie,2014,-
Ženy,B Ťažba a dobývanie,2015,-
Ženy,B Ťažba a dobývanie,2016,-
Ženy,B Ťažba a dobývanie,2017,"0,6"
Ženy,B Ťažba a dobývanie,2018,"0,2"
Ženy,B Ťažba a dobývanie,2019,-
Ženy,B Ťažba a dobývanie,2020,-
Ženy,B Ťažba a dobývanie,2021,-
Ženy,B Ťažba a dobývanie,2022,-
Ženy,B Ťažba a dobývanie,2023,-
Ženy,B Ťažba a dobývanie,2024,-
Ženy,B Ťažba a dobývanie,2025,"0,0"
Ženy,C Priemyselná výroba,2008,"24,5"
Ženy,C Priemyselná výroba,2009,"41,7"
Ženy,C Priemyselná výroba,2010,"46,8"
Ženy,C Priemyselná výroba,2011,"37,2"
Ženy,C Priemyselná výroba,2012,"36,1"
Ženy,C Priemyselná výroba,2013,"37,0"
Ženy,C Priemyselná výroba,2014,"29,7"
Ženy,C Priemyselná výroba,2015,"31,9"
Ženy,C Priemyselná výroba,2016,"22,7"
Ženy,C Priemyselná výroba,2017,"16,5"
Ženy,C Priemyselná výroba,2018,"13,6"
Ženy,C Priemyselná výroba,2019,"12,3"
Ženy,C Priemyselná výroba,2020,"15,4"
Ženy,C Priemyselná výroba,2021,"12,6"
Ženy,C Priemyselná výroba,2022,"13,6"
Ženy,C Priemyselná výroba,2023,"10,2"
Ženy,C Priemyselná výroba,2024,"9,1"
Ženy,C Priemyselná výroba,2025,"8,6"
Ženy,"D Dodávka elektriny, plynu, pary a studeného vzduchu",2008,"0,1"
Ženy,"D Dodávka elektriny, plynu, pary a studeného vzduchu",2009,"0,4"
Ženy,"D Dodávka elektriny, plynu, pary a studeného vzduchu",2010,"0,2"
Ženy,"D Dodávka elektriny, plynu, pary a studeného vzduchu",2011,-
Ženy,"D Dodávka elektriny, plynu, pary a studeného vzduchu",2012,"0,1"
Ženy,"D Dodávka elektriny, plynu, pary a studeného vzduchu",2013,"0,4"
Ženy,"D Dodávka elektriny, plynu, pary a studeného vzduchu",2014,"0,4"
Ženy,"D Dodávka elektriny, plynu, pary a studeného vzduchu",2015,"0,2"
Ženy,"D Dodávka elektriny, plynu, pary a studeného vzduchu",2016,"0,3"
Ženy,"D Dodávka elektriny, plynu, pary a studeného vzduchu",2017,-
Ženy,"D Dodávka elektriny, plynu, pary a studeného vzduchu",2018,"0,1"
Ženy,"D Dodávka elektriny, plynu, pary a studeného vzduchu",2019,"0,6"
Ženy,"D Dodávka elektriny, plynu, pary a studeného vzduchu",2020,"0,2"
Ženy,"D Dodávka elektriny, plynu, pary a studeného vzduchu",2021,"0,4"
Ženy,"D Dodávka elektriny, plynu, pary a studeného vzduchu",2022,"0,2"
Ženy,"D Dodávka elektriny, plynu, pary a studeného vzduchu",2023,"0,1"
Ženy,"D Dodávka elektriny, plynu, pary a studeného vzduchu",2024,"0,3"
Ženy,"D Dodávka elektriny, plynu, pary a studeného vzduchu",2025,"0,2"
Ženy,"E Dodávka vody, čistenie a odvod odpadových vôd, odpady a služby odstraňovania odpadov",2008,"0,7"
Ženy,"E Dodávka vody, čistenie a odvod odpadových vôd, odpady a služby odstraňovania odpadov",2009,"1,6"
Ženy,"E Dodávka vody, čistenie a odvod odpadových vôd, odpady a služby odstraňovania odpadov",2010,"2,2"
Ženy,"E Dodávka vody, čistenie a odvod odpadových vôd, odpady a služby odstraňovania odpadov",2011,"1,5"
Ženy,"E Dodávka vody, čistenie a odvod odpadových vôd, odpady a služby odstraňovania odpadov",2012,"0,4"
Ženy,"E Dodávka vody, čistenie a odvod odpadových vôd, odpady a služby odstraňovania odpadov",2013,"0,8"
Ženy,"E Dodávka vody, čistenie a odvod odpadových vôd, odpady a služby odstraňovania odpadov",2014,"0,7"
Ženy,"E Dodávka vody, čistenie a odvod odpadových vôd, odpady a služby odstraňovania odpadov",2015,"0,3"
Ženy,"E Dodávka vody, čistenie a odvod odpadových vôd, odpady a služby odstraňovania odpadov",2016,"0,8"
Ženy,"E Dodávka vody, čistenie a odvod odpadových vôd, odpady a služby odstraňovania odpadov",2017,"0,3"
Ženy,"E Dodávka vody, čistenie a odvod odpadových vôd, odpady a služby odstraňovania odpadov",2018,"0,2"
Ženy,"E Dodávka vody, čistenie a odvod odpadových vôd, odpady a služby odstraňovania odpadov",2019,"0,8"
Ženy,"E Dodávka vody, čistenie a odvod odpadových vôd, odpady a služby odstraňovania odpadov",2020,"0,7"
Ženy,"E Dodávka vody, čistenie a odvod odpadových vôd, odpady a služby odstraňovania odpadov",2021,"0,4"
Ženy,"E Dodávka vody, čistenie a odvod odpadových vôd, odpady a služby odstraňovania odpadov",2022,"0,2"
Ženy,"E Dodávka vody, čistenie a odvod odpadových vôd, odpady a služby odstraňovania odpadov",2023,"0,2"
Ženy,"E Dodávka vody, čistenie a odvod odpadových vôd, odpady a služby odstraňovania odpadov",2024,"0,1"
Ženy,"E Dodávka vody, čistenie a odvod odpadových vôd, odpady a služby odstraňovania odpadov",2025,-
Ženy,F Stavebníctvo,2008,"0,2"
Ženy,F Stavebníctvo,2009,"1,0"
Ženy,F Stavebníctvo,2010,"1,2"
Ženy,F Stavebníctvo,2011,"1,9"
Ženy,F Stavebníctvo,2012,"0,9"
Ženy,F Stavebníctvo,2013,"2,2"
Ženy,F Stavebníctvo,2014,"2,7"
Ženy,F Stavebníctvo,2015,"1,4"
Ženy,F Stavebníctvo,2016,"3,0"
Ženy,F Stavebníctvo,2017,"0,8"
Ženy,F Stavebníctvo,2018,"0,6"
Ženy,F Stavebníctvo,2019,"0,3"
Ženy,F Stavebníctvo,2020,"0,6"
Ženy,F Stavebníctvo,2021,"1,0"
Ženy,F Stavebníctvo,2022,"1,8"
Ženy,F Stavebníctvo,2023,"1,7"
Ženy,F Stavebníctvo,2024,"0,5"
Ženy,F Stavebníctvo,2025,"1,1"
Ženy,G Veľkoobchod a maloobchod; oprava motorových vozidiel a motocyklov,2008,"14,1"
Ženy,G Veľkoobchod a maloobchod; oprava motorových vozidiel a motocyklov,2009,"17,3"
Ženy,G Veľkoobchod a maloobchod; oprava motorových vozidiel a motocyklov,2010,"21,7"
Ženy,G Veľkoobchod a maloobchod; oprava motorových vozidiel a motocyklov,2011,"21,5"
Ženy,G Veľkoobchod a maloobchod; oprava motorových vozidiel a motocyklov,2012,"22,9"
Ženy,G Veľkoobchod a maloobchod; oprava motorových vozidiel a motocyklov,2013,"26,2"
Ženy,G Veľkoobchod a maloobchod; oprava motorových vozidiel a motocyklov,2014,"22,0"
Ženy,G Veľkoobchod a maloobchod; oprava motorových vozidiel a motocyklov,2015,"20,5"
Ženy,G Veľkoobchod a maloobchod; oprava motorových vozidiel a motocyklov,2016,"16,9"
Ženy,G Veľkoobchod a maloobchod; oprava motorových vozidiel a motocyklov,2017,"11,3"
Ženy,G Veľkoobchod a maloobchod; oprava motorových vozidiel a motocyklov,2018,"8,9"
Ženy,G Veľkoobchod a maloobchod; oprava motorových vozidiel a motocyklov,2019,"8,7"
Ženy,G Veľkoobchod a maloobchod; oprava motorových vozidiel a motocyklov,2020,"10,8"
Ženy,G Veľkoobchod a maloobchod; oprava motorových vozidiel a motocyklov,2021,"13,4"
Ženy,G Veľkoobchod a maloobchod; oprava motorových vozidiel a motocyklov,2022,"11,2"
Ženy,G Veľkoobchod a maloobchod; oprava motorových vozidiel a motocyklov,2023,"9,6"
Ženy,G Veľkoobchod a maloobchod; oprava motorových vozidiel a motocyklov,2024,"8,1"
Ženy,G Veľkoobchod a maloobchod; oprava motorových vozidiel a motocyklov,2025,"9,3"
Ženy,H Doprava a skladovanie,2008,"1,7"
Ženy,H Doprava a skladovanie,2009,"3,4"
Ženy,H Doprava a skladovanie,2010,"2,5"
Ženy,H Doprava a skladovanie,2011,"1,1"
Ženy,H Doprava a skladovanie,2012,"2,1"
Ženy,H Doprava a skladovanie,2013,"2,0"
Ženy,H Doprava a skladovanie,2014,"2,5"
Ženy,H Doprava a skladovanie,2015,"3,6"
Ženy,H Doprava a skladovanie,2016,"2,3"
Ženy,H Doprava a skladovanie,2017,"2,5"
Ženy,H Doprava a skladovanie,2018,"2,1"
Ženy,H Doprava a skladovanie,2019,"1,9"
Ženy,H Doprava a skladovanie,2020,"2,3"
Ženy,H Doprava a skladovanie,2021,"1,2"
Ženy,H Doprava a skladovanie,2022,"1,1"
Ženy,H Doprava a skladovanie,2023,"1,5"
Ženy,H Doprava a skladovanie,2024,"1,7"
Ženy,H Doprava a skladovanie,2025,"1,5"
Ženy,Hospodárstvo spolu,2008,"132,8"
Ženy,Hospodárstvo spolu,2009,"153,5"
Ženy,Hospodárstvo spolu,2010,"176,2"
Ženy,Hospodárstvo spolu,2011,"161,1"
Ženy,Hospodárstvo spolu,2012,"173,8"
Ženy,Hospodárstvo spolu,2013,"175,6"
Ženy,Hospodárstvo spolu,2014,"165,1"
Ženy,Hospodárstvo spolu,2015,"158,9"
Ženy,Hospodárstvo spolu,2016,"133,5"
Ženy,Hospodárstvo spolu,2017,"105,2"
Ženy,Hospodárstvo spolu,2018,"87,2"
Ženy,Hospodárstvo spolu,2019,"73,9"
Ženy,Hospodárstvo spolu,2020,"86,9"
Ženy,I Ubytovacie a stravovacie služby,2008,"5,2"
Ženy,I Ubytovacie a stravovacie služby,2009,"6,2"
Ženy,I Ubytovacie a stravovacie služby,2010,"10,3"
Ženy,I Ubytovacie a stravovacie služby,2011,"8,9"
Ženy,I Ubytovacie a stravovacie služby,2012,"9,5"
Ženy,I Ubytovacie a stravovacie služby,2013,"8,4"
Ženy,I Ubytovacie a stravovacie služby,2014,"8,1"
Ženy,I Ubytovacie a stravovacie služby,2015,"8,0"
Ženy,I Ubytovacie a stravovacie služby,2016,"6,9"
Ženy,I Ubytovacie a stravovacie služby,2017,"8,7"
Ženy,I Ubytovacie a stravovacie služby,2018,"5,0"
Ženy,I Ubytovacie a stravovacie služby,2019,"3,8"
Ženy,I Ubytovacie a stravovacie služby,2020,"8,4"
Ženy,I Ubytovacie a stravovacie služby,2021,"9,1"
Ženy,I Ubytovacie a stravovacie služby,2022,"5,0"
Ženy,I Ubytovacie a stravovacie služby,2023,"5,4"
Ženy,I Ubytovacie a stravovacie služby,2024,"4,7"
Ženy,I Ubytovacie a stravovacie služby,2025,"3,1"
Ženy,J Informácie a komunikácia,2008,"1,1"
Ženy,J Informácie a komunikácia,2009,"0,9"
Ženy,J Informácie a komunikácia,2010,"1,6"
Ženy,J Informácie a komunikácia,2011,"1,1"
Ženy,J Informácie a komunikácia,2012,"2,5"
Ženy,J Informácie a komunikácia,2013,"1,0"
Ženy,J Informácie a komunikácia,2014,"2,0"
Ženy,J Informácie a komunikácia,2015,"1,7"
Ženy,J Informácie a komunikácia,2016,"0,8"
Ženy,J Informácie a komunikácia,2017,"0,6"
Ženy,J Informácie a komunikácia,2018,"0,5"
Ženy,J Informácie a komunikácia,2019,"0,7"
Ženy,J Informácie a komunikácia,2020,"1,1"
Ženy,J Informácie a komunikácia,2021,"0,8"
Ženy,J Informácie a komunikácia,2022,"0,5"
Ženy,J Informácie a komunikácia,2023,"0,2"
Ženy,J Informácie a komunikácia,2024,"0,9"
Ženy,J Informácie a komunikácia,2025,"0,1"
Ženy,K Finančné a poisťovacie činnosti,2008,"1,3"
Ženy,K Finančné a poisťovacie činnosti,2009,"1,6"
Ženy,K Finančné a poisťovacie činnosti,2010,"2,0"
Ženy,K Finančné a poisťovacie činnosti,2011,"2,6"
Ženy,K Finančné a poisťovacie činnosti,2012,"2,1"
Ženy,K Finančné a poisťovacie činnosti,2013,"1,3"
Ženy,K Finančné a poisťovacie činnosti,2014,"1,7"
Ženy,K Finančné a poisťovacie činnosti,2015,"2,3"
Ženy,K Finančné a poisťovacie činnosti,2016,"1,8"
Ženy,K Finančné a poisťovacie činnosti,2017,"2,1"
Ženy,K Finančné a poisťovacie činnosti,2018,"1,2"
Ženy,K Finančné a poisťovacie činnosti,2019,"1,1"
Ženy,K Finančné a poisťovacie činnosti,2020,"2,0"
Ženy,K Finančné a poisťovacie činnosti,2021,"1,7"
Ženy,K Finančné a poisťovacie činnosti,2022,"0,8"
Ženy,K Finančné a poisťovacie činnosti,2023,"0,7"
Ženy,K Finančné a poisťovacie činnosti,2024,"0,6"
Ženy,K Finančné a poisťovacie činnosti,2025,"1,5"
Ženy,L Činnosti v oblasti nehnuteľností,2008,"0,1"
Ženy,L Činnosti v oblasti nehnuteľností,2009,-
Ženy,L Činnosti v oblasti nehnuteľností,2010,"0,1"
Ženy,L Činnosti v oblasti nehnuteľností,2011,"0,1"
Ženy,L Činnosti v oblasti nehnuteľností,2012,"0,1"
Ženy,L Činnosti v oblasti nehnuteľností,2013,"0,1"
Ženy,L Činnosti v oblasti nehnuteľností,2014,"0,2"
Ženy,L Činnosti v oblasti nehnuteľností,2015,"0,5"
Ženy,L Činnosti v oblasti nehnuteľností,2016,"0,4"
Ženy,L Činnosti v oblasti nehnuteľností,2017,"0,2"
Ženy,L Činnosti v oblasti nehnuteľností,2018,-
Ženy,L Činnosti v oblasti nehnuteľností,2019,"0,1"
Ženy,L Činnosti v oblasti nehnuteľností,2020,"0,1"
Ženy,L Činnosti v oblasti nehnuteľností,2021,-
Ženy,L Činnosti v oblasti nehnuteľností,2022,-
Ženy,L Činnosti v oblasti nehnuteľností,2023,-
Ženy,L Činnosti v oblasti nehnuteľností,2024,"0,4"
Ženy,L Činnosti v oblasti nehnuteľností,2025,"0,6"
Ženy,"M Odborné, vedecké a technické činnosti",2008,"0,6"
Ženy,"M Odborné, vedecké a technické činnosti",2009,"1,1"
Ženy,"M Odborné, vedecké a technické činnosti",2010,"1,1"
Ženy,"M Odborné, vedecké a technické činnosti",2011,"1,6"
Ženy,"M Odborné, vedecké a technické činnosti",2012,"1,8"
Ženy,"M Odborné, vedecké a technické činnosti",2013,"1,5"
Ženy,"M Odborné, vedecké a technické činnosti",2014,"1,4"
Ženy,"M Odborné, vedecké a technické činnosti",2015,"2,6"
Ženy,"M Odborné, vedecké a technické činnosti",2016,"2,8"
Ženy,"M Odborné, vedecké a technické činnosti",2017,"1,9"
Ženy,"M Odborné, vedecké a technické činnosti",2018,"0,9"
Ženy,"M Odborné, vedecké a technické činnosti",2019,"0,3"
Ženy,"M Odborné, vedecké a technické činnosti",2020,"1,1"
Ženy,"M Odborné, vedecké a technické činnosti",2021,"0,9"
Ženy,"M Odborné, vedecké a technické činnosti",2022,"0,9"
Ženy,"M Odborné, vedecké a technické činnosti",2023,"1,1"
Ženy,"M Odborné, vedecké a technické činnosti",2024,"2,1"
Ženy,"M Odborné, vedecké a technické činnosti",2025,"0,6"
Ženy,N Administratívne a podporné služby,2008,"1,4"
Ženy,N Administratívne a podporné služby,2009,"3,3"
Ženy,N Administratívne a podporné služby,2010,"3,7"
Ženy,N Administratívne a podporné služby,2011,"3,6"
Ženy,N Administratívne a podporné služby,2012,"4,2"
Ženy,N Administratívne a podporné služby,2013,"2,5"
Ženy,N Administratívne a podporné služby,2014,"1,8"
Ženy,N Administratívne a podporné služby,2015,"2,3"
Ženy,N Administratívne a podporné služby,2016,"3,8"
Ženy,N Administratívne a podporné služby,2017,"2,1"
Ženy,N Administratívne a podporné služby,2018,"1,6"
Ženy,N Administratívne a podporné služby,2019,"1,4"
Ženy,N Administratívne a podporné služby,2020,"1,8"
Ženy,N Administratívne a podporné služby,2021,"3,1"
Ženy,N Administratívne a podporné služby,2022,"1,4"
Ženy,N Administratívne a podporné služby,2023,"1,2"
Ženy,N Administratívne a podporné služby,2024,"0,4"
Ženy,N Administratívne a podporné služby,2025,"0,8"
Ženy,"Nezamestnaní, ktorí ešte nemali zam.",2008,"32,0"
Ženy,"Nezamestnaní, ktorí ešte nemali zam.",2009,"32,4"
Ženy,"Nezamestnaní, ktorí ešte nemali zam.",2010,"32,8"
Ženy,"Nezamestnaní, ktorí ešte nemali zam.",2011,"36,8"
Ženy,"Nezamestnaní, ktorí ešte nemali zam.",2012,"43,1"
Ženy,"Nezamestnaní, ktorí ešte nemali zam.",2013,"39,1"
Ženy,"Nezamestnaní, ktorí ešte nemali zam.",2014,"38,2"
Ženy,"Nezamestnaní, ktorí ešte nemali zam.",2015,"34,1"
Ženy,"Nezamestnaní, ktorí ešte nemali zam.",2016,"28,1"
Ženy,"Nezamestnaní, ktorí ešte nemali zam.",2017,"24,7"
Ženy,"Nezamestnaní, ktorí ešte nemali zam.",2018,"22,6"
Ženy,"Nezamestnaní, ktorí ešte nemali zam.",2019,"18,8"
Ženy,"Nezamestnaní, ktorí ešte nemali zam.",2020,"18,0"
Ženy,"Nezamestnaní, ktorí ešte nemali zam.",2021,"23,9"
Ženy,"Nezamestnaní, ktorí ešte nemali zam.",2022,"25,4"
Ženy,"Nezamestnaní, ktorí ešte nemali zam.",2023,"25,0"
Ženy,"Nezamestnaní, ktorí ešte nemali zam.",2024,"27,9"
Ženy,"Nezamestnaní, ktorí ešte nemali zam.",2025,"23,4"
Ženy,Nezistené,2008,"29,0"
Ženy,Nezistené,2009,"23,7"
Ženy,Nezistené,2010,"27,9"
Ženy,Nezistené,2011,"22,1"
Ženy,Nezistené,2012,"23,7"
Ženy,Nezistené,2013,"26,7"
Ženy,Nezistené,2014,"27,9"
Ženy,Nezistené,2015,"24,9"
Ženy,Nezistené,2016,"19,0"
Ženy,Nezistené,2017,"14,5"
Ženy,Nezistené,2018,"13,5"
Ženy,Nezistené,2019,"11,3"
Ženy,Nezistené,2020,"8,4"
Ženy,Nezistené,2021,"7,1"
Ženy,Nezistené,2022,"7,5"
Ženy,Nezistené,2023,"10,2"
Ženy,Nezistené,2024,"9,7"
Ženy,Nezistené,2025,"11,2"
Ženy,O Verejná správa a obrana; povinné sociálne zabezpečenie,2008,"3,8"
Ženy,O Verejná správa a obrana; povinné sociálne zabezpečenie,2009,"4,6"
Ženy,O Verejná správa a obrana; povinné sociálne zabezpečenie,2010,"6,5"
Ženy,O Verejná správa a obrana; povinné sociálne zabezpečenie,2011,"6,7"
Ženy,O Verejná správa a obrana; povinné sociálne zabezpečenie,2012,"7,7"
Ženy,O Verejná správa a obrana; povinné sociálne zabezpečenie,2013,"7,6"
Ženy,O Verejná správa a obrana; povinné sociálne zabezpečenie,2014,"5,9"
Ženy,O Verejná správa a obrana; povinné sociálne zabezpečenie,2015,"8,2"
Ženy,O Verejná správa a obrana; povinné sociálne zabezpečenie,2016,"7,4"
Ženy,O Verejná správa a obrana; povinné sociálne zabezpečenie,2017,"6,8"
Ženy,O Verejná správa a obrana; povinné sociálne zabezpečenie,2018,"5,9"
Ženy,O Verejná správa a obrana; povinné sociálne zabezpečenie,2019,"4,3"
Ženy,O Verejná správa a obrana; povinné sociálne zabezpečenie,2020,"5,8"
Ženy,O Verejná správa a obrana; povinné sociálne zabezpečenie,2021,"3,5"
Ženy,O Verejná správa a obrana; povinné sociálne zabezpečenie,2022,"4,1"
Ženy,O Verejná správa a obrana; povinné sociálne zabezpečenie,2023,"2,2"
Ženy,O Verejná správa a obrana; povinné sociálne zabezpečenie,2024,"3,3"
Ženy,O Verejná správa a obrana; povinné sociálne zabezpečenie,2025,"3,6"
Ženy,P Vzdelávanie,2008,"4,6"
Ženy,P Vzdelávanie,2009,"3,4"
Ženy,P Vzdelávanie,2010,"3,6"
Ženy,P Vzdelávanie,2011,"3,1"
Ženy,P Vzdelávanie,2012,"2,9"
Ženy,P Vzdelávanie,2013,"4,3"
Ženy,P Vzdelávanie,2014,"4,6"
Ženy,P Vzdelávanie,2015,"5,1"
Ženy,P Vzdelávanie,2016,"6,1"
Ženy,P Vzdelávanie,2017,"3,8"
Ženy,P Vzdelávanie,2018,"2,6"
Ženy,P Vzdelávanie,2019,"2,0"
Ženy,P Vzdelávanie,2020,"3,3"
Ženy,P Vzdelávanie,2021,"2,5"
Ženy,P Vzdelávanie,2022,"3,2"
Ženy,P Vzdelávanie,2023,"2,0"
Ženy,P Vzdelávanie,2024,"3,5"
Ženy,P Vzdelávanie,2025,"3,2"
Ženy,Q Zdravotníctvo a sociálna pomoc,2008,"4,6"
Ženy,Q Zdravotníctvo a sociálna pomoc,2009,"4,1"
Ženy,Q Zdravotníctvo a sociálna pomoc,2010,"5,2"
Ženy,Q Zdravotníctvo a sociálna pomoc,2011,"4,2"
Ženy,Q Zdravotníctvo a sociálna pomoc,2012,"6,3"
Ženy,Q Zdravotníctvo a sociálna pomoc,2013,"8,2"
Ženy,Q Zdravotníctvo a sociálna pomoc,2014,"9,2"
Ženy,Q Zdravotníctvo a sociálna pomoc,2015,"6,2"
Ženy,Q Zdravotníctvo a sociálna pomoc,2016,"4,9"
Ženy,Q Zdravotníctvo a sociálna pomoc,2017,"4,4"
Ženy,Q Zdravotníctvo a sociálna pomoc,2018,"5,0"
Ženy,Q Zdravotníctvo a sociálna pomoc,2019,"3,9"
Ženy,Q Zdravotníctvo a sociálna pomoc,2020,"3,7"
Ženy,Q Zdravotníctvo a sociálna pomoc,2021,"4,1"
Ženy,Q Zdravotníctvo a sociálna pomoc,2022,"4,5"
Ženy,Q Zdravotníctvo a sociálna pomoc,2023,"3,5"
Ženy,Q Zdravotníctvo a sociálna pomoc,2024,"2,2"
Ženy,Q Zdravotníctvo a sociálna pomoc,2025,"2,8"
Ženy,"R Umenie, zábava a rekreácia",2008,"1,3"
Ženy,"R Umenie, zábava a rekreácia",2009,"0,7"
Ženy,"R Umenie, zábava a rekreácia",2010,"1,5"
Ženy,"R Umenie, zábava a rekreácia",2011,"1,3"
Ženy,"R Umenie, zábava a rekreácia",2012,"1,5"
Ženy,"R Umenie, zábava a rekreácia",2013,"1,1"
Ženy,"R Umenie, zábava a rekreácia",2014,"1,1"
Ženy,"R Umenie, zábava a rekreácia",2015,"0,8"
Ženy,"R Umenie, zábava a rekreácia",2016,"1,7"
Ženy,"R Umenie, zábava a rekreácia",2017,"0,9"
Ženy,"R Umenie, zábava a rekreácia",2018,"0,6"
Ženy,"R Umenie, zábava a rekreácia",2019,"0,7"
Ženy,"R Umenie, zábava a rekreácia",2020,"0,9"
Ženy,"R Umenie, zábava a rekreácia",2021,"1,6"
Ženy,"R Umenie, zábava a rekreácia",2022,"0,1"
Ženy,"R Umenie, zábava a rekreácia",2023,"0,4"
Ženy,"R Umenie, zábava a rekreácia",2024,"0,4"
Ženy,"R Umenie, zábava a rekreácia",2025,"1,3"
Ženy,S Ostatné činnosti,2008,"1,9"
Ženy,S Ostatné činnosti,2009,"1,7"
Ženy,S Ostatné činnosti,2010,"2,4"
Ženy,S Ostatné činnosti,2011,"2,6"
Ženy,S Ostatné činnosti,2012,"2,5"
Ženy,S Ostatné činnosti,2013,"1,5"
Ženy,S Ostatné činnosti,2014,"2,7"
Ženy,S Ostatné činnosti,2015,"2,6"
Ženy,S Ostatné činnosti,2016,"1,5"
Ženy,S Ostatné činnosti,2017,"1,8"
Ženy,S Ostatné činnosti,2018,"0,6"
Ženy,S Ostatné činnosti,2019,"0,4"
Ženy,S Ostatné činnosti,2020,"0,8"
Ženy,S Ostatné činnosti,2021,"1,7"
Ženy,S Ostatné činnosti,2022,"1,2"
Ženy,S Ostatné činnosti,2023,"1,7"
Ženy,S Ostatné činnosti,2024,"1,1"
Ženy,S Ostatné činnosti,2025,"1,5"
Ženy,Spolu,2021,"90,2"
Ženy,Spolu,2022,"83,4"
Ženy,Spolu,2023,"77,4"
Ženy,Spolu,2024,"77,2"
Ženy,Spolu,2025,"74,7"
Ženy,T Činnosti domácností ako zamestnávateľov,2008,"0,7"
Ženy,T Činnosti domácností ako zamestnávateľov,2009,"0,2"
Ženy,T Činnosti domácností ako zamestnávateľov,2010,-
Ženy,T Činnosti domácností ako zamestnávateľov,2011,"0,3"
Ženy,T Činnosti domácností ako zamestnávateľov,2012,"0,3"
Ženy,T Činnosti domácností ako zamestnávateľov,2013,"0,3"
Ženy,T Činnosti domácností ako zamestnávateľov,2014,-
Ženy,T Činnosti domácností ako zamestnávateľov,2015,"0,1"
Ženy,T Činnosti domácností ako zamestnávateľov,2016,"0,1"
Ženy,T Činnosti domácností ako zamestnávateľov,2017,-
Ženy,T Činnosti domácností ako zamestnávateľov,2018,"0,1"
Ženy,T Činnosti domácností ako zamestnávateľov,2019,-
Ženy,T Činnosti domácností ako zamestnávateľov,2020,"0,2"
Ženy,T Činnosti domácností ako zamestnávateľov,2021,"0,1"
Ženy,T Činnosti domácností ako zamestnávateľov,2022,-
Ženy,T Činnosti domácností ako zamestnávateľov,2023,-
Ženy,T Činnosti domácností ako zamestnávateľov,2024,"0,1"
Ženy,T Činnosti domácností ako zamestnávateľov,2025,"0,1"
Ženy,U Činnosti extrateritoriálnych organizácií a združení,2008,-
Ženy,U Činnosti extrateritoriálnych organizácií a združení,2009,-
Ženy,U Činnosti extrateritoriálnych organizácií a združení,2010,-
Ženy,U Činnosti extrateritoriálnych organizácií a združení,2011,-
Ženy,U Činnosti extrateritoriálnych organizácií a združení,2012,-
Ženy,U Činnosti extrateritoriálnych organizácií a združení,2013,-
Ženy,U Činnosti extrateritoriálnych organizácií a združení,2014,-
Ženy,U Činnosti extrateritoriálnych organizácií a združení,2015,"0,2"
Ženy,U Činnosti extrateritoriálnych organizácií a združení,2016,-
Ženy,U Činnosti extrateritoriálnych organizácií a združení,2017,"0,1"
Ženy,U Činnosti extrateritoriálnych organizácií a združení,2018,-
Ženy,U Činnosti extrateritoriálnych organizácií a združení,2019,-
Ženy,U Činnosti extrateritoriálnych organizácií a združení,2020,-
Ženy,U Činnosti extrateritoriálnych organizácií a združení,2021,-
Ženy,U Činnosti extrateritoriálnych organizácií a združení,2022,-
Ženy,U Činnosti extrateritoriálnych organizácií a združení,2023,-
Ženy,U Činnosti extrateritoriálnych organizácií a združení,2024,-
Ženy,U Činnosti extrateritoriálnych organizácií a združení,2025,-
